Modelo,Accuracy,Precision,Recall,F1,ROC_AUC,Tiempo_min,Hiperparametros
Random Forest,0.8871297939129248,0.8706500328299409,0.9439962031324157,0.9058408288739611,0.8770735914473514,31.13180164496104,"{'bootstrap': True, 'max_depth': None, 'max_features': 'sqrt', 'min_samples_leaf': 1, 'min_samples_split': 2, 'n_estimators': 300}"
XGBoost,0.8691142350211546,0.8620689655172413,0.9195538680588514,0.889884028016994,0.8601945376272414,96.26619121233622,"{'subsample': 0.625, 'reg_lambda': 0, 'reg_alpha': 0, 'n_estimators': 550, 'max_depth': 9, 'learning_rate': 0.01, 'gamma': 0.05, 'colsample_bytree': 0.9}"
SVM,0.71953050361676,0.7192768637009953,0.8402942572377788,0.7750902922184525,0.6981747547030527,96.1275569319725,"{'C': 10, 'gamma': 0.01, 'kernel': 'rbf'}"
