categoria,video,frame,persona_id,velocidad_media,x_0,x_1,x_2,x_3,x_4,x_5,x_6,x_7,x_8,x_9,x_10,x_11,x_12,x_13,x_14,x_15,x_16,y_0,y_1,y_2,y_3,y_4,y_5,y_6,y_7,y_8,y_9,y_10,y_11,y_12,y_13,y_14,y_15,y_16
noViolencia,NV_179.mp4,90,0,0.0,72.58,72.15,83.2,64.03,68.67,60.68,97.46,71.03,62.52,66.55,112.27,123.62,54.13,123.9,117.02,180.69,57.77,184.61,147.49,42.21,51.06,176.78,100.25,216.5,67.83,216.5,17.24,216.5,24.22,201.68,117.02,216.5,63.64,216.5
noViolencia,NV_179.mp4,100,0,50.33319854736328,101.42,91.77,110.38,85.62,95.54,80.58,115.98,97.92,80.7,84.5,125.5,148.25,53.27,145.46,155.73,209.21,60.83,217.88,125.22,204.18,12.4,210.89,113.74,217.88,12.4,217.88,164.13,217.88,12.4,217.88,178.13,217.88,12.4,217.88
noViolencia,NV_179.mp4,110,0,44.433101654052734,119.07,97.09,127.46,94.57,114.87,83.93,129.98,104.36,100.04,83.93,119.63,139.08,69.81,133.2,138.1,170.99,72.33,175.75,96.12,130.68,149.57,191.15,111.23,217.74,75.13,217.74,149.29,189.19,149.29,190.87,167.76,217.74,93.32,217.74
noViolencia,NV_179.mp4,120,0,60.24140167236328,116.67,74.5,127.87,56.02,107.43,59.1,144.95,56.02,100.71,62.46,175.46,110.05,82.79,121.25,215.5,165.48,66.84,199.08,215.5,222.59,62.92,222.59,165.94,222.59,103.79,222.59,215.5,222.59,42.48,222.59,215.5,222.59,215.5,222.59
