categoria,video,frame,persona_id,velocidad_media,x_0,x_1,x_2,x_3,x_4,x_5,x_6,x_7,x_8,x_9,x_10,x_11,x_12,x_13,x_14,x_15,x_16,y_0,y_1,y_2,y_3,y_4,y_5,y_6,y_7,y_8,y_9,y_10,y_11,y_12,y_13,y_14,y_15,y_16
noViolencia,NV_168.mp4,0,0,0.0,67.11,43.91,69.35,36.92,69.07,37.2,80.81,38.6,95.06,36.92,78.29,63.5,110.16,62.66,73.26,108.54,105.96,106.86,79.41,168.97,98.7,130.92,100.09,151.07,124.69,152.19,97.3,222.97,116.3,222.97,97.3,222.97,116.86,222.97
noViolencia,NV_168.mp4,10,0,9.55049991607666,72.19,42.64,73.02,37.88,73.3,37.61,80.56,38.16,96.2,37.61,75.26,63.89,116.02,60.81,71.07,119.81,129.99,113.38,78.33,160.36,138.36,149.45,97.59,147.78,127.47,149.45,93.13,211.25,123.0,210.41,90.61,221.6,124.4,221.6
noViolencia,NV_168.mp4,20,0,20.197200775146484,80.58,68.55,81.42,64.91,81.7,64.35,86.17,64.07,103.5,64.07,83.1,81.14,122.79,80.58,64.93,132.34,141.51,124.78,76.67,172.06,119.15,143.81,108.25,155.56,138.16,152.76,86.73,222.42,133.13,222.42,132.85,222.42,133.13,222.42
noViolencia,NV_168.mp4,30,0,26.316200256347656,88.02,95.24,87.74,92.17,89.14,91.61,90.81,89.65,109.53,89.93,86.9,105.87,126.57,105.04,56.17,153.99,146.68,143.08,64.83,200.99,146.96,164.07,110.37,190.64,144.73,186.73,71.26,221.42,133.83,221.42,67.35,221.42,133.55,221.42
noViolencia,NV_168.mp4,40,0,28.305599212646484,104.3,68.07,104.3,63.88,104.58,63.6,106.26,66.67,129.47,63.88,96.75,98.3,146.8,94.66,77.46,146.44,155.75,133.28,73.27,193.45,164.42,218.08,116.33,193.73,149.6,195.97,62.92,218.08,164.42,218.08,164.42,218.08,164.42,218.08
noViolencia,NV_168.mp4,50,0,15.166999816894531,101.68,68.2,102.24,62.32,102.52,62.32,106.44,62.32,128.83,64.0,95.52,86.95,142.82,83.59,78.45,140.4,152.06,123.05,69.21,182.65,142.26,152.99,112.59,189.09,148.14,189.65,65.57,190.2,162.98,210.07,101.96,195.24,159.06,210.07
