categoria,video,frame,persona_id,velocidad_media,x_0,x_1,x_2,x_3,x_4,x_5,x_6,x_7,x_8,x_9,x_10,x_11,x_12,x_13,x_14,x_15,x_16,y_0,y_1,y_2,y_3,y_4,y_5,y_6,y_7,y_8,y_9,y_10,y_11,y_12,y_13,y_14,y_15,y_16
noViolencia,NV_379.mp4,0,0,0.0,82.08,92.89,81.8,77.78,82.08,76.1,41.5,85.61,78.72,93.45,29.18,147.72,84.87,165.07,85.99,185.49,137.77,211.51,105.86,137.93,107.54,139.89,93.83,221.86,122.09,221.86,101.39,100.72,140.0,221.86,56.33,158.63,141.96,221.86
noViolencia,NV_379.mp4,10,0,13.751399993896484,80.98,91.3,81.26,77.59,81.54,77.03,40.97,86.82,78.46,93.82,28.38,147.81,82.66,164.32,82.66,190.06,138.05,211.04,106.44,139.42,107.0,139.7,95.25,220.55,123.23,220.55,149.81,220.55,140.85,220.55,56.36,157.88,108.68,147.25
noViolencia,NV_379.mp4,20,0,6.937099933624268,83.11,92.01,82.27,79.13,82.55,79.13,41.74,87.81,79.75,93.41,29.72,148.27,95.41,170.66,80.31,191.37,137.89,212.37,106.03,138.19,107.98,139.59,95.41,219.37,121.96,219.37,148.23,219.37,139.01,219.37,57.39,156.95,139.57,219.37
noViolencia,NV_379.mp4,30,0,12.25790023803711,78.04,93.0,76.36,78.45,77.76,78.17,37.18,89.08,75.8,93.56,26.83,147.82,92.87,169.36,77.2,198.72,138.76,220.26,107.7,147.26,110.77,148.66,93.71,220.26,136.52,220.26,37.46,220.26,141.0,220.26,56.21,150.62,146.87,220.26
noViolencia,NV_379.mp4,40,0,65.17729949951172,106.7,81.97,113.69,73.3,98.03,74.7,120.11,70.5,86.02,76.09,135.49,108.84,75.12,111.64,149.46,177.97,47.17,192.52,125.42,116.4,70.65,134.31,125.42,221.91,79.87,221.91,127.38,221.91,37.67,221.91,127.94,221.91,42.98,198.96
noViolencia,NV_379.mp4,50,0,13.065199851989746,105.74,68.92,114.69,58.56,97.91,59.68,120.84,60.8,87.56,61.64,140.42,105.58,70.22,108.65,150.21,166.3,50.36,183.93,122.52,99.7,72.74,116.77,124.76,220.87,77.77,220.87,129.79,220.87,77.21,220.87,130.35,220.87,75.81,220.87
