categoria,video,frame,persona_id,velocidad_media,x_0,x_1,x_2,x_3,x_4,x_5,x_6,x_7,x_8,x_9,x_10,x_11,x_12,x_13,x_14,x_15,x_16,y_0,y_1,y_2,y_3,y_4,y_5,y_6,y_7,y_8,y_9,y_10,y_11,y_12,y_13,y_14,y_15,y_16
noViolencia,NV_378.mp4,0,0,0.0,101.16,97.84,77.69,76.86,79.09,75.75,38.3,87.21,75.18,88.61,27.68,150.96,98.93,172.49,76.86,190.95,137.77,213.04,103.68,137.54,106.19,140.34,87.75,221.15,122.4,221.15,148.94,221.15,138.88,221.15,55.34,150.96,42.77,147.89
noViolencia,NV_378.mp4,0,1,0.0,154.69,55.01,153.58,53.06,153.3,53.06,149.11,54.17,152.74,54.73,146.6,61.7,151.63,61.7,142.7,71.18,153.86,73.41,156.65,84.01,156.65,84.01,145.77,83.45,150.51,83.45,143.81,102.42,151.07,101.3,142.7,112.46,149.67,112.46
noViolencia,NV_378.mp4,10,0,18.12459945678711,77.87,88.64,77.87,78.0,78.15,77.72,39.0,88.36,75.63,95.92,28.09,149.96,99.96,172.64,78.99,185.8,138.55,211.83,104.71,140.44,106.11,140.72,88.49,221.07,122.89,221.07,98.56,98.44,139.67,221.07,56.61,151.64,140.79,221.07
noViolencia,NV_378.mp4,20,0,10.64840030670166,81.46,89.07,79.79,77.31,80.07,76.75,41.22,87.67,77.27,93.27,28.65,148.42,98.23,171.94,78.11,192.09,138.76,220.93,104.94,138.9,105.22,135.54,92.92,220.93,121.43,220.93,147.14,220.93,139.04,220.93,58.55,148.98,140.43,220.93
noViolencia,NV_378.mp4,30,0,3.734299898147583,80.51,93.96,81.07,77.17,81.35,76.89,39.72,84.45,77.44,89.21,27.15,147.7,87.78,165.61,79.4,190.8,137.51,214.31,105.94,140.43,107.61,140.98,94.2,222.15,126.33,212.92,148.4,222.15,139.18,222.15,57.6,151.34,139.74,222.15
noViolencia,NV_378.mp4,40,0,2.362600088119507,80.33,94.28,80.61,80.29,81.73,80.01,39.73,87.0,78.93,94.0,27.41,147.99,88.17,168.41,79.49,192.74,138.29,213.16,106.09,140.15,108.05,140.43,94.89,221.27,123.17,221.27,149.77,221.27,139.97,221.27,58.21,154.98,141.37,221.27
noViolencia,NV_378.mp4,50,0,1.6907000541687012,80.0,95.28,81.4,80.17,81.68,80.45,41.7,90.81,79.16,94.44,27.44,149.57,97.33,171.68,79.16,192.66,138.43,213.37,105.72,136.98,107.96,140.34,94.82,220.93,121.66,220.93,149.06,220.93,139.83,220.93,57.35,157.4,140.67,220.93
