categoria,video,frame,persona_id,velocidad_media,x_0,x_1,x_2,x_3,x_4,x_5,x_6,x_7,x_8,x_9,x_10,x_11,x_12,x_13,x_14,x_15,x_16,y_0,y_1,y_2,y_3,y_4,y_5,y_6,y_7,y_8,y_9,y_10,y_11,y_12,y_13,y_14,y_15,y_16
noViolencia,NV_398.mp4,0,0,0.0,100.24,72.93,103.03,70.7,98.01,68.74,105.26,75.45,93.27,70.42,101.08,91.68,84.07,88.6,104.42,120.22,73.48,117.98,117.81,138.12,80.17,137.84,99.96,145.95,87.14,146.23,101.91,191.0,85.19,190.72,103.03,222.05,77.38,222.05
noViolencia,NV_398.mp4,10,0,13.606900215148926,90.08,79.21,93.43,76.69,87.85,76.13,95.94,80.05,83.38,76.97,98.17,102.43,73.62,99.92,102.36,134.33,62.74,133.77,113.79,152.24,64.13,160.36,98.45,160.36,81.99,162.31,100.68,204.01,85.06,206.52,100.96,223.31,85.62,223.31
noViolencia,NV_398.mp4,20,0,12.744199752807617,104.92,83.68,106.04,78.92,101.57,78.64,106.31,80.88,91.81,78.64,103.25,101.59,78.71,100.47,102.97,134.9,67.83,139.66,114.12,162.06,70.62,171.57,106.31,164.02,89.3,167.93,102.13,221.12,87.35,221.12,113.84,163.18,86.52,221.12
noViolencia,NV_398.mp4,30,0,6.866000175476074,105.88,77.4,105.88,73.76,101.97,73.48,92.2,76.56,91.92,76.56,106.99,104.25,76.57,101.73,104.76,143.12,64.57,146.48,122.35,166.34,70.71,176.12,102.81,177.8,82.99,178.92,104.76,223.11,86.9,223.11,125.14,167.17,85.78,223.11
noViolencia,NV_398.mp4,40,0,12.981900215148926,104.3,69.98,107.1,65.5,100.11,65.22,110.73,66.34,90.6,65.78,108.21,95.45,79.7,95.17,109.33,128.21,66.0,138.0,113.25,153.96,72.15,166.28,109.89,174.12,84.73,174.12,103.74,214.99,81.93,213.59,100.94,222.27,79.42,222.27
noViolencia,NV_398.mp4,50,0,16.275800704956055,77.17,75.59,82.2,71.96,77.45,71.4,93.38,77.83,78.29,74.47,106.79,108.32,72.14,108.59,118.81,151.67,64.04,155.02,120.49,169.57,56.77,183.83,100.65,188.87,78.01,188.87,99.25,221.31,80.53,221.31,102.04,221.31,81.09,221.31
