categoria,video,frame,persona_id,velocidad_media,x_0,x_1,x_2,x_3,x_4,x_5,x_6,x_7,x_8,x_9,x_10,x_11,x_12,x_13,x_14,x_15,x_16,y_0,y_1,y_2,y_3,y_4,y_5,y_6,y_7,y_8,y_9,y_10,y_11,y_12,y_13,y_14,y_15,y_16
noViolencia,NV_381.mp4,0,0,0.0,108.73,68.8,116.57,60.41,101.74,60.13,124.13,60.69,90.55,64.04,139.24,105.73,72.64,109.93,153.51,170.92,54.17,187.14,131.4,102.09,78.23,115.52,126.92,221.56,80.47,221.56,131.12,221.56,39.9,221.56,131.12,221.56,79.91,221.56
noViolencia,NV_381.mp4,10,0,21.099700927734375,102.75,87.09,107.5,73.38,93.51,78.42,116.17,63.86,85.96,76.18,146.95,120.69,69.74,121.81,154.5,208.59,50.43,173.32,140.51,169.96,73.65,173.04,130.72,222.59,85.96,222.59,153.94,213.35,55.47,222.59,130.44,222.59,55.75,222.59
noViolencia,NV_381.mp4,20,0,12.468500137329102,95.06,85.35,98.98,73.33,86.66,79.76,108.22,61.86,79.94,80.6,143.21,121.71,65.95,129.81,147.41,210.63,54.47,199.16,144.61,191.05,73.51,220.7,128.93,220.7,86.94,220.7,156.65,179.59,69.87,220.7,129.21,220.7,56.71,220.7
noViolencia,NV_381.mp4,30,0,15.396100044250488,100.75,60.93,105.23,52.81,92.07,53.93,111.67,57.57,81.44,68.76,142.46,119.96,62.96,131.71,153.65,168.65,51.21,203.06,151.97,184.04,53.72,220.69,126.22,220.69,77.52,220.69,139.66,220.69,56.52,220.69,137.98,220.69,51.77,212.29
noViolencia,NV_381.mp4,40,0,9.505499839782715,102.11,59.45,106.31,51.61,93.71,52.17,112.47,58.33,83.63,66.17,142.14,122.98,64.87,127.74,153.62,180.35,50.88,197.42,138.22,211.69,67.67,219.81,125.91,219.81,79.71,219.81,158.1,174.47,74.95,219.81,135.99,219.81,50.04,219.81
noViolencia,NV_381.mp4,40,1,0.0,175.14,125.19,175.7,124.63,175.14,124.35,173.47,123.24,173.47,123.24,173.47,120.45,169.84,120.45,177.93,123.24,178.21,123.52,159.8,119.06,165.38,133.27,168.73,127.14,167.33,125.74,167.33,133.27,165.38,125.47,168.73,135.77,166.22,137.17
noViolencia,NV_381.mp4,40,2,0.0,179.04,104.99,180.69,108.02,180.69,108.02,177.95,103.89,179.59,104.16,179.04,105.54,177.4,106.37,177.4,108.85,177.12,108.85,176.85,110.78,176.85,110.5,180.69,107.47,177.95,110.5,180.41,111.33,177.67,113.26,177.67,116.01,180.41,115.74
noViolencia,NV_381.mp4,50,0,9.103899955749512,103.08,58.71,107.84,51.16,95.24,52.0,114.28,58.71,84.88,65.71,140.31,121.93,65.84,126.68,154.87,178.99,51.56,198.85,137.79,205.84,79.56,212.83,128.27,220.67,79.56,220.67,147.87,220.67,40.37,220.67,121.28,220.67,70.6,220.67
