categoria,video,frame,persona_id,velocidad_media,x_0,x_1,x_2,x_3,x_4,x_5,x_6,x_7,x_8,x_9,x_10,x_11,x_12,x_13,x_14,x_15,x_16,y_0,y_1,y_2,y_3,y_4,y_5,y_6,y_7,y_8,y_9,y_10,y_11,y_12,y_13,y_14,y_15,y_16
noViolencia,NV_384.mp4,0,0,0.0,104.65,86.97,94.85,78.02,100.73,79.7,58.47,85.01,95.69,90.6,37.2,149.33,90.38,159.68,58.47,174.78,130.4,210.58,111.65,121.37,112.21,122.77,37.2,220.37,103.53,145.14,51.19,220.37,136.83,220.37,71.9,160.52,63.51,159.96
noViolencia,NV_384.mp4,10,0,15.302499771118164,98.82,97.21,99.1,87.14,98.54,87.42,62.16,86.02,95.18,95.81,36.42,146.48,90.42,157.96,61.04,172.79,121.77,220.66,116.17,121.01,115.89,119.05,44.81,220.66,78.67,220.66,52.93,220.66,123.17,220.66,70.0,161.59,123.73,220.66
noViolencia,NV_384.mp4,10,1,0.0,154.69,58.04,154.97,56.64,154.13,56.64,151.36,57.2,151.63,57.2,147.47,62.52,152.75,63.36,145.25,71.48,154.41,72.6,145.8,79.04,156.91,79.6,147.75,79.88,151.91,79.88,147.75,95.84,152.75,94.16,145.8,109.83,152.47,109.83
noViolencia,NV_384.mp4,20,0,29.275800704956055,94.64,98.99,94.64,86.39,96.04,87.23,55.54,83.87,92.41,93.95,31.24,148.25,101.35,184.08,62.8,212.35,118.11,220.18,72.86,220.18,125.65,220.18,31.24,220.18,119.78,220.18,61.41,220.18,118.67,220.18,73.42,133.69,62.52,150.49
noViolencia,NV_384.mp4,20,1,1.6032999753952026,156.08,57.26,155.8,56.14,155.8,56.14,149.93,55.86,154.12,56.14,147.69,62.85,153.84,63.12,145.73,71.78,154.96,71.78,146.29,80.44,157.2,80.16,148.53,80.44,152.72,79.88,148.53,93.85,153.0,95.24,146.85,104.74,152.72,106.97
noViolencia,NV_384.mp4,30,0,4.083399772644043,95.41,96.62,95.69,86.56,96.53,86.28,57.11,88.79,91.78,96.9,30.55,149.76,102.96,180.52,62.7,213.8,120.57,222.47,72.21,222.47,130.91,222.47,30.55,222.47,121.97,222.47,61.58,222.47,121.13,222.47,68.01,156.47,62.42,153.96
noViolencia,NV_384.mp4,40,0,6.275000095367432,74.41,89.78,95.39,84.19,96.79,84.47,55.66,86.42,91.75,95.38,30.76,148.57,102.94,183.28,63.22,222.18,117.49,222.18,86.44,169.84,130.92,222.18,30.76,222.18,121.97,222.18,60.98,222.18,120.85,222.18,69.93,155.56,60.98,155.28
noViolencia,NV_384.mp4,50,0,63.32709884643555,98.71,84.24,103.19,71.09,89.48,74.17,109.91,62.98,79.96,73.33,141.83,123.68,64.0,130.39,157.51,190.26,48.32,202.84,135.95,196.13,75.48,205.92,126.99,219.91,85.84,219.91,153.31,190.82,40.76,219.91,146.03,219.91,52.8,219.91
