categoria,video,frame,persona_id,velocidad_media,x_0,x_1,x_2,x_3,x_4,x_5,x_6,x_7,x_8,x_9,x_10,x_11,x_12,x_13,x_14,x_15,x_16,y_0,y_1,y_2,y_3,y_4,y_5,y_6,y_7,y_8,y_9,y_10,y_11,y_12,y_13,y_14,y_15,y_16
noViolencia,NV_355.mp4,20,0,0.0,143.91,888.45,139.6,855.34,123.78,852.46,37.52,871.18,34.65,868.3,74.9,1048.26,4.46,1051.14,125.22,1245.5,130.97,1242.62,224.42,1203.75,208.6,1206.63,102.22,1517.6,30.34,1536.32,128.09,1871.77,178.41,1916.4,194.23,1916.4,192.79,1916.4
noViolencia,NV_355.mp4,30,0,459.1763916015625,559.85,670.11,555.53,641.3,551.21,639.86,482.12,644.18,483.55,642.74,342.49,786.76,417.34,832.84,549.77,962.46,529.62,1103.59,565.6,793.96,708.11,1266.33,533.94,1273.53,449.01,1315.29,670.68,1580.28,434.61,1681.09,679.32,1897.11,352.56,1897.11
noViolencia,NV_355.mp4,40,0,163.023193359375,696.58,675.41,689.39,646.62,689.39,648.06,564.28,650.94,649.12,648.06,492.38,770.42,623.24,767.54,582.97,840.95,641.93,1051.12,673.57,768.98,689.39,1294.4,526.89,1213.79,698.02,1199.4,551.34,1552.08,820.25,1501.7,549.9,1839.98,673.57,1827.03
noViolencia,NV_355.mp4,40,1,0.0,694.71,672.93,690.4,644.15,690.4,644.15,561.02,651.35,648.71,648.47,492.02,773.63,624.27,772.2,509.27,1011.02,644.4,1062.81,676.03,770.76,686.09,1291.57,509.27,1221.07,609.9,1234.02,543.77,1330.41,793.91,1330.41,569.65,1252.72,793.91,1330.41
noViolencia,NV_355.mp4,50,0,145.36500549316406,577.98,669.88,569.35,645.4,570.79,646.84,464.38,649.72,534.84,638.21,391.05,762.01,537.71,783.6,457.19,949.16,583.73,1019.7,550.65,749.05,649.87,1206.85,426.99,1120.47,514.71,1144.94,508.96,1360.88,596.67,1393.99,336.41,1611.37,583.73,1679.03
noViolencia,NV_355.mp4,60,0,141.9416961669922,445.33,740.07,442.46,721.35,441.02,719.91,349.13,734.31,419.48,718.47,298.88,829.36,455.38,814.96,320.42,967.61,511.37,987.77,588.9,1123.14,577.41,1120.26,350.57,1134.66,448.2,1137.54,403.69,1360.75,485.53,1357.87,446.76,1549.4,326.16,1566.69
noViolencia,NV_355.mp4,70,0,95.481201171875,489.56,807.84,483.8,791.99,478.05,791.99,406.14,796.32,449.29,800.64,347.17,884.17,456.48,900.02,357.24,1029.64,462.23,1058.45,397.51,1147.74,478.05,1203.91,352.92,1163.59,434.9,1166.47,319.84,1353.7,492.43,1356.58,237.86,1565.42,526.95,1516.45
