categoria,video,frame,persona_id,velocidad_media,x_0,x_1,x_2,x_3,x_4,x_5,x_6,x_7,x_8,x_9,x_10,x_11,x_12,x_13,x_14,x_15,x_16,y_0,y_1,y_2,y_3,y_4,y_5,y_6,y_7,y_8,y_9,y_10,y_11,y_12,y_13,y_14,y_15,y_16
noViolencia,NV_397.mp4,0,0,0.0,88.43,78.23,89.27,75.99,86.47,76.27,90.66,77.67,82.55,76.83,89.27,88.58,77.52,86.9,92.34,104.24,71.08,103.12,92.06,120.18,71.64,116.82,86.47,120.18,78.91,119.34,84.51,149.83,77.24,148.43,82.27,179.75,71.92,173.32
noViolencia,NV_397.mp4,10,0,10.791000366210938,95.84,75.22,96.12,72.98,94.44,72.98,96.95,74.38,94.72,73.82,97.79,88.66,86.91,87.54,99.19,106.01,80.77,104.33,107.0,117.21,83.28,120.29,97.79,125.05,88.86,124.49,99.47,155.28,86.35,153.6,98.07,180.47,81.33,180.47
noViolencia,NV_397.mp4,20,0,6.278900146484375,97.31,78.62,98.98,77.22,95.36,76.94,100.37,78.34,90.9,78.06,100.37,92.34,86.17,93.46,101.2,109.7,78.09,113.62,107.33,127.34,79.21,127.34,99.81,128.74,90.34,129.58,100.65,152.81,92.85,152.53,100.09,173.53,93.69,173.25
noViolencia,NV_397.mp4,30,0,9.219200134277344,93.86,76.94,96.09,74.42,92.19,74.14,97.76,76.66,88.58,75.26,99.7,92.9,81.9,91.5,103.32,110.26,74.11,113.06,108.88,123.7,75.78,131.54,99.15,134.06,87.47,134.06,95.53,168.21,90.8,170.45,91.92,208.53,91.64,209.09
noViolencia,NV_397.mp4,40,0,6.537099838256836,90.39,69.24,92.62,66.72,87.89,66.16,94.85,69.52,83.71,68.68,95.41,88.26,77.86,86.86,101.54,110.64,72.29,114.55,110.45,123.51,80.09,127.42,97.64,133.86,85.1,133.3,99.59,176.1,84.82,176.1,102.09,210.78,78.14,207.99
noViolencia,NV_397.mp4,50,0,9.350799560546875,93.99,74.45,96.5,71.94,91.76,71.1,99.01,75.01,87.85,72.5,104.04,92.35,80.59,92.91,107.11,118.63,74.45,120.87,116.04,135.69,76.68,141.84,100.97,141.0,86.45,141.56,100.97,184.63,87.29,187.14,94.27,222.1,86.73,222.1
