categoria,video,frame,persona_id,velocidad_media,x_0,x_1,x_2,x_3,x_4,x_5,x_6,x_7,x_8,x_9,x_10,x_11,x_12,x_13,x_14,x_15,x_16,y_0,y_1,y_2,y_3,y_4,y_5,y_6,y_7,y_8,y_9,y_10,y_11,y_12,y_13,y_14,y_15,y_16
noViolencia,NV_364.mp4,0,0,0.0,87.62,86.94,85.38,76.86,86.5,77.14,47.02,83.3,83.14,91.14,29.66,151.6,97.7,181.83,48.98,176.79,118.42,221.3,88.18,167.28,98.26,167.28,29.66,221.3,120.66,221.3,45.34,221.3,120.94,221.3,57.94,159.16,50.94,157.2
noViolencia,NV_364.mp4,10,0,25.694299697875977,86.07,82.71,83.56,79.35,101.44,103.42,43.34,81.87,79.37,96.42,30.21,149.03,101.99,180.09,95.85,114.61,128.81,218.15,110.37,159.38,110.93,159.38,135.51,218.15,126.57,218.15,89.98,100.34,126.3,218.15,54.23,157.7,48.64,156.86
noViolencia,NV_364.mp4,20,0,13.15719985961914,83.23,66.92,99.44,86.79,98.88,87.91,38.8,87.91,78.48,88.19,26.79,150.61,94.13,175.81,103.07,120.38,133.25,211.36,110.06,150.05,110.34,148.37,143.03,221.71,125.71,221.71,26.79,144.18,132.97,221.71,55.85,154.53,47.19,148.93
noViolencia,NV_364.mp4,30,0,23.396099090576172,83.83,71.6,29.89,74.68,98.93,85.03,39.39,84.19,78.52,84.75,29.89,151.07,94.17,173.18,50.29,221.59,133.58,212.64,110.94,148.28,111.22,147.44,39.39,221.59,125.2,221.59,43.59,221.59,133.58,221.59,57.84,154.99,46.38,150.51
noViolencia,NV_364.mp4,40,0,15.231800079345703,88.84,84.76,84.08,81.13,83.8,78.05,41.27,87.56,79.6,91.2,27.0,149.35,94.43,172.84,49.94,221.77,133.89,221.77,110.94,147.96,111.5,147.68,36.79,221.77,126.05,221.77,94.71,87.84,134.17,221.77,58.34,154.39,47.42,151.03
noViolencia,NV_364.mp4,40,1,0.0,152.68,56.84,153.52,55.72,151.85,55.72,154.08,57.12,149.89,56.0,151.01,62.71,149.61,62.15,151.01,71.95,150.17,71.95,153.52,76.15,153.52,76.71,146.82,80.07,146.82,80.07,146.26,97.99,151.29,96.03,145.98,103.58,151.57,101.9
noViolencia,NV_364.mp4,50,0,17.861099243164062,84.69,87.71,83.85,80.43,84.13,78.19,43.33,85.19,80.5,92.75,31.04,147.06,93.91,175.34,97.27,110.39,130.8,221.26,110.96,155.74,111.24,154.06,40.26,221.26,128.29,221.26,93.08,92.75,93.63,94.43,58.98,154.34,47.52,149.3
