categoria,video,frame,persona_id,velocidad_media,x_0,x_1,x_2,x_3,x_4,x_5,x_6,x_7,x_8,x_9,x_10,x_11,x_12,x_13,x_14,x_15,x_16,y_0,y_1,y_2,y_3,y_4,y_5,y_6,y_7,y_8,y_9,y_10,y_11,y_12,y_13,y_14,y_15,y_16
noViolencia,NV_380.mp4,0,0,0.0,104.87,67.76,112.13,59.64,98.16,57.68,120.8,59.92,88.1,57.68,141.76,106.09,70.49,108.61,151.54,166.26,50.37,184.44,124.71,101.34,73.85,113.93,126.11,221.38,78.6,221.38,129.46,221.38,79.72,221.38,129.74,221.38,77.48,221.38
noViolencia,NV_380.mp4,10,0,3.3863000869750977,103.85,61.41,110.01,51.33,97.13,51.05,121.76,54.13,89.29,53.85,138.28,106.46,70.54,110.37,150.87,171.09,50.94,182.84,126.52,99.46,75.85,110.93,126.24,220.34,80.05,220.34,130.72,220.34,80.05,220.34,129.32,220.34,78.09,220.34
noViolencia,NV_380.mp4,20,0,3.289799928665161,103.26,61.33,110.54,51.53,96.54,50.69,121.17,54.05,88.71,54.33,138.52,106.66,71.64,110.3,150.55,170.19,48.97,182.23,125.93,98.83,74.72,110.02,125.93,218.61,80.31,218.61,129.28,218.61,44.21,218.61,129.28,218.61,80.03,218.61
noViolencia,NV_380.mp4,30,0,3.985300064086914,103.36,61.37,110.36,52.7,97.48,51.02,122.11,53.54,89.65,53.26,141.7,105.84,72.58,109.76,152.34,170.17,51.03,185.0,127.71,101.93,75.93,110.04,126.59,221.08,80.97,221.08,129.67,221.08,79.85,221.08,129.95,221.08,79.01,221.08
noViolencia,NV_380.mp4,40,0,1.8451000452041626,104.79,63.99,111.79,57.0,97.8,53.08,122.42,54.76,89.68,56.16,137.54,110.71,73.45,109.59,153.77,169.46,51.34,184.56,129.42,101.2,76.53,108.75,126.06,221.21,80.72,221.21,130.54,221.21,81.0,221.21,130.82,221.21,80.16,221.21
noViolencia,NV_380.mp4,50,0,2.8006999492645264,108.0,59.51,113.31,50.0,99.33,50.28,122.82,53.08,89.55,52.52,140.15,107.64,72.22,109.88,157.48,162.21,51.81,184.6,130.08,97.85,77.53,113.8,127.01,221.54,81.17,221.54,130.08,221.54,81.44,221.54,131.48,221.54,79.77,221.54
