categoria,video,frame,persona_id,velocidad_media,x_0,x_1,x_2,x_3,x_4,x_5,x_6,x_7,x_8,x_9,x_10,x_11,x_12,x_13,x_14,x_15,x_16,y_0,y_1,y_2,y_3,y_4,y_5,y_6,y_7,y_8,y_9,y_10,y_11,y_12,y_13,y_14,y_15,y_16
noViolencia,NV_386.mp4,0,0,0.0,97.54,88.97,102.29,75.26,88.87,78.62,110.11,66.86,79.37,74.14,139.18,123.68,64.56,130.12,157.9,186.38,49.19,205.97,134.43,198.13,78.25,209.33,129.4,220.24,81.33,220.24,148.12,220.24,42.48,220.24,148.4,220.24,53.38,220.24
noViolencia,NV_386.mp4,0,1,0.0,167.82,130.1,168.09,129.82,169.19,130.1,168.91,130.1,171.11,130.1,168.09,132.04,167.82,132.04,173.02,134.53,168.09,135.91,172.75,137.57,167.55,137.57,171.38,137.85,169.19,137.85,171.38,141.45,169.46,141.73,168.64,144.49,168.91,145.88
noViolencia,NV_386.mp4,10,0,12.329899787902832,81.77,81.81,88.49,70.05,79.25,69.77,107.8,70.33,78.69,66.41,141.38,126.04,66.38,127.44,157.61,186.79,50.43,203.03,134.94,201.91,79.25,207.23,131.03,220.66,83.17,220.66,112.84,182.87,112.84,183.71,148.38,220.66,54.91,220.66
noViolencia,NV_386.mp4,20,0,34.26359939575195,149.09,89.3,148.25,78.11,146.57,78.11,126.98,88.74,126.14,88.18,153.01,127.34,89.21,130.69,164.2,188.87,64.3,208.72,152.73,207.05,112.15,220.75,134.54,220.75,100.4,220.75,150.77,220.75,68.5,220.75,155.81,220.75,112.43,220.75
noViolencia,NV_386.mp4,30,0,75.54979705810547,74.44,144.18,30.36,168.82,68.58,137.74,50.44,167.14,50.44,166.86,30.36,200.17,97.32,210.25,104.57,217.81,104.57,217.81,62.72,137.47,104.57,217.81,71.65,217.81,104.57,217.81,104.57,217.81,104.57,217.81,84.48,213.89,63.84,202.97
noViolencia,NV_386.mp4,30,1,0.0,132.69,123.43,133.24,122.6,132.41,122.6,133.8,123.15,131.58,123.15,134.08,125.36,130.46,125.36,135.47,127.85,135.19,128.68,134.91,130.62,134.91,130.62,131.02,132.28,133.52,132.83,130.46,136.43,133.8,136.43,130.74,140.03,133.24,140.03
