categoria,video,frame,persona_id,velocidad_media,x_0,x_1,x_2,x_3,x_4,x_5,x_6,x_7,x_8,x_9,x_10,x_11,x_12,x_13,x_14,x_15,x_16,y_0,y_1,y_2,y_3,y_4,y_5,y_6,y_7,y_8,y_9,y_10,y_11,y_12,y_13,y_14,y_15,y_16
noViolencia,NV_395.mp4,0,0,0.0,83.87,63.71,91.42,56.71,84.43,56.15,107.92,68.19,108.48,68.19,126.93,124.45,73.8,114.37,137.28,199.74,63.17,167.83,139.52,217.93,52.55,204.22,114.63,217.93,78.28,217.93,148.75,217.93,39.4,217.93,139.52,217.93,39.4,217.93
noViolencia,NV_395.mp4,10,0,12.931699752807617,97.0,65.5,98.67,53.75,88.32,55.42,101.75,56.82,70.97,66.62,114.62,119.51,56.7,119.51,128.61,197.88,47.19,189.76,133.37,220.55,37.68,220.55,108.19,220.55,67.06,220.55,141.48,220.55,31.8,220.55,133.93,220.55,31.8,220.55
noViolencia,NV_395.mp4,10,1,0.0,163.06,32.37,164.73,31.53,162.78,31.53,168.07,33.21,161.94,33.21,171.41,40.2,163.06,40.2,177.54,44.4,163.06,51.39,170.58,61.46,163.33,52.23,169.18,62.02,165.56,62.3,168.63,77.13,165.84,77.97,175.59,92.52,168.07,92.8
noViolencia,NV_395.mp4,20,0,13.96090030670166,105.27,83.25,104.99,71.78,95.48,72.89,107.5,79.61,76.47,82.97,112.54,137.55,47.39,132.79,119.81,211.99,37.05,210.31,123.44,220.95,37.05,220.95,99.67,220.95,59.41,220.95,122.04,220.95,28.38,220.95,122.04,220.95,28.38,220.95
noViolencia,NV_395.mp4,30,0,100.28569793701172,167.74,143.17,173.33,130.03,192.03,132.83,189.52,113.26,169.14,137.02,190.91,108.51,132.85,189.58,141.78,221.17,141.78,221.17,185.33,177.0,186.45,174.76,189.8,173.65,189.52,172.53,188.12,221.17,188.12,221.17,167.47,221.17,187.84,221.17
noViolencia,NV_395.mp4,50,0,0.0,81.84,75.97,82.67,73.74,80.44,74.02,83.79,75.14,76.83,74.3,83.23,85.75,70.98,85.75,83.79,103.91,66.24,98.88,85.18,118.16,67.08,109.22,80.72,117.88,72.37,117.88,79.05,146.1,70.98,144.15,69.59,168.73,69.59,170.13
