categoria,video,frame,persona_id,velocidad_media,x_0,x_1,x_2,x_3,x_4,x_5,x_6,x_7,x_8,x_9,x_10,x_11,x_12,x_13,x_14,x_15,x_16,y_0,y_1,y_2,y_3,y_4,y_5,y_6,y_7,y_8,y_9,y_10,y_11,y_12,y_13,y_14,y_15,y_16
noViolencia,NV_382.mp4,0,0,0.0,102.65,66.31,108.25,57.64,95.1,58.2,113.84,62.68,83.91,66.31,140.41,122.01,65.73,122.57,154.96,178.55,49.23,194.79,138.18,205.42,77.48,164.0,122.51,220.54,74.96,220.54,128.11,220.54,40.84,220.54,145.17,220.54,108.81,211.86
noViolencia,NV_382.mp4,10,0,10.11050033569336,103.25,61.38,108.01,52.98,95.71,54.1,115.0,57.46,84.52,65.3,138.21,119.06,67.18,119.06,155.26,176.18,48.73,182.62,141.56,202.22,77.81,141.18,123.11,220.42,79.49,220.42,128.7,220.42,35.03,220.42,128.98,220.42,35.03,220.42
noViolencia,NV_382.mp4,20,0,18.969499588012695,99.1,67.56,104.13,57.2,91.82,58.04,110.57,65.04,81.19,67.28,136.02,116.52,68.32,124.07,154.49,169.39,62.73,201.85,145.53,198.49,79.79,125.19,121.76,220.59,84.83,220.59,128.47,220.59,66.92,121.55,130.15,210.24,79.23,120.43
noViolencia,NV_382.mp4,20,1,0.0,175.5,110.14,176.61,109.3,174.94,108.75,178.56,110.7,174.1,108.75,175.5,115.7,169.92,113.76,174.38,119.88,162.11,117.93,173.26,122.94,171.87,122.38,169.36,126.56,165.45,125.17,164.62,132.12,165.17,125.17,166.57,135.74,164.89,135.18
noViolencia,NV_382.mp4,30,0,14.689599990844727,102.93,66.6,106.29,56.24,94.27,58.76,112.16,62.68,81.69,70.24,136.48,115.87,67.99,122.03,152.97,169.06,61.0,201.82,146.54,198.18,77.5,126.51,125.58,220.3,83.65,220.3,136.76,220.3,42.0,220.3,131.17,220.3,81.13,220.3
noViolencia,NV_382.mp4,40,0,62.2671012878418,89.02,95.9,87.62,82.47,89.3,84.43,48.42,81.91,83.98,92.54,31.62,146.27,78.1,160.26,47.58,172.29,106.38,218.74,82.02,160.82,111.98,128.08,31.62,218.74,107.5,218.74,43.38,218.74,105.26,218.74,57.1,159.7,112.54,128.64
noViolencia,NV_382.mp4,50,0,12.508000373840332,90.39,90.92,89.55,79.73,89.83,79.45,49.57,83.92,85.64,91.76,31.96,149.68,78.65,161.43,49.85,175.14,106.61,220.19,106.05,151.08,106.61,150.52,31.96,220.19,124.22,220.19,45.94,220.19,124.22,220.19,60.2,158.36,125.62,220.19
