categoria,video,frame,persona_id,velocidad_media,x_0,x_1,x_2,x_3,x_4,x_5,x_6,x_7,x_8,x_9,x_10,x_11,x_12,x_13,x_14,x_15,x_16,y_0,y_1,y_2,y_3,y_4,y_5,y_6,y_7,y_8,y_9,y_10,y_11,y_12,y_13,y_14,y_15,y_16
noViolencia,NV_399.mp4,0,0,0.0,76.84,68.78,81.32,64.31,76.28,64.31,93.34,69.9,75.72,67.11,110.13,100.4,75.44,104.03,122.71,148.24,72.92,148.8,118.24,174.25,63.14,183.21,102.85,187.68,79.92,187.12,107.05,222.37,78.8,222.37,108.45,222.37,82.99,222.37
noViolencia,NV_399.mp4,10,0,14.47029972076416,83.02,70.18,84.97,65.7,85.25,64.03,91.68,67.38,91.96,67.38,107.62,100.1,98.39,96.74,109.29,157.98,93.92,149.32,82.18,186.51,79.38,185.95,99.79,200.21,91.68,203.84,87.77,222.58,87.21,222.58,97.27,212.51,90.84,212.23
noViolencia,NV_399.mp4,20,0,17.539600372314453,87.81,74.25,88.37,68.1,88.93,67.82,92.57,72.01,110.49,64.46,100.69,107.53,118.61,100.53,92.01,160.66,122.81,159.54,67.93,195.89,78.01,186.39,102.65,214.35,112.45,221.9,63.73,205.4,114.97,221.9,63.73,202.32,116.37,221.9
noViolencia,NV_399.mp4,30,0,20.70400047302246,116.44,79.36,115.6,72.65,114.76,72.93,93.23,74.61,110.01,73.21,80.92,112.1,117.56,113.22,70.01,162.47,125.67,171.43,66.1,203.89,127.07,212.28,86.23,187.66,108.89,184.58,82.88,221.52,111.12,221.52,64.7,221.52,125.95,221.52
noViolencia,NV_399.mp4,40,0,18.865400314331055,109.23,90.05,107.27,82.49,107.55,83.05,100.28,83.33,100.84,83.61,70.94,116.93,99.72,118.32,61.71,170.95,107.27,173.75,65.9,193.07,120.41,208.74,72.33,209.3,94.41,214.06,129.63,221.06,123.48,221.06,124.04,221.06,124.04,221.06
noViolencia,NV_399.mp4,50,0,25.902999877929688,129.69,106.11,129.41,100.52,129.97,101.35,111.8,97.16,126.89,100.8,98.94,121.48,114.87,127.08,98.66,181.87,122.14,180.2,135.84,214.87,135.84,214.31,89.44,214.31,103.69,215.98,110.12,209.55,138.35,221.58,86.08,221.58,138.63,221.58
