categoria,video,frame,persona_id,velocidad_media,x_0,x_1,x_2,x_3,x_4,x_5,x_6,x_7,x_8,x_9,x_10,x_11,x_12,x_13,x_14,x_15,x_16,y_0,y_1,y_2,y_3,y_4,y_5,y_6,y_7,y_8,y_9,y_10,y_11,y_12,y_13,y_14,y_15,y_16
noViolencia,NV_421.mp4,10,0,0.0,81.77,64.23,82.6,62.55,80.66,62.83,84.26,63.11,78.72,63.39,85.65,69.27,79.28,69.27,87.04,76.27,78.44,80.47,86.2,81.87,83.43,82.43,83.99,87.47,81.22,87.75,82.32,102.87,82.05,102.59,82.05,116.59,82.6,116.59
noViolencia,NV_421.mp4,20,0,3.113100051879883,82.14,64.18,83.26,62.78,81.02,62.78,85.21,63.06,80.18,63.62,92.19,66.13,80.74,70.31,93.03,74.78,81.02,77.01,88.56,81.19,84.93,80.91,90.79,86.49,82.14,87.89,89.4,101.28,82.98,102.39,89.96,113.83,82.42,116.06
noViolencia,NV_421.mp4,30,0,2.7560999393463135,86.59,65.83,87.43,64.71,85.48,64.71,89.1,65.27,83.81,65.27,91.6,71.13,82.97,71.13,97.17,75.6,79.35,76.72,89.93,83.14,86.31,83.14,90.49,87.61,82.97,87.89,90.49,102.68,83.25,102.68,89.93,115.53,82.42,116.09
