categoria,video,frame,persona_id,velocidad_media,x_0,x_1,x_2,x_3,x_4,x_5,x_6,x_7,x_8,x_9,x_10,x_11,x_12,x_13,x_14,x_15,x_16,y_0,y_1,y_2,y_3,y_4,y_5,y_6,y_7,y_8,y_9,y_10,y_11,y_12,y_13,y_14,y_15,y_16
noViolencia,NV_427.mp4,0,0,0.0,89.95,102.34,97.77,92.0,84.36,88.92,108.94,81.65,78.22,76.06,123.18,133.1,63.98,132.26,131.56,202.44,56.16,204.39,133.24,221.45,69.56,172.8,113.97,221.45,74.31,221.45,139.38,221.45,44.15,221.45,133.52,221.45,44.15,221.45
noViolencia,NV_427.mp4,10,0,3.0309998989105225,91.44,102.99,97.86,92.07,85.3,91.51,109.31,81.15,79.72,81.99,124.38,130.15,66.59,130.99,133.32,203.23,61.01,207.99,134.15,220.87,72.18,175.79,116.01,220.87,76.36,220.87,141.69,220.87,50.96,220.87,134.15,220.87,50.96,220.87
noViolencia,NV_427.mp4,20,0,2.059999942779541,91.37,104.14,98.09,92.95,84.94,92.95,109.56,80.07,79.34,83.43,125.23,129.89,67.31,131.01,133.62,202.38,60.59,207.14,134.74,218.89,73.18,176.07,116.83,218.89,81.02,218.89,142.02,218.89,55.56,218.89,134.74,218.89,56.68,218.89
noViolencia,NV_427.mp4,20,1,0.0,139.19,48.09,140.85,45.58,138.35,45.58,144.19,45.3,163.38,39.99,139.46,56.76,165.04,51.17,135.85,74.93,136.41,75.21,135.57,83.32,136.13,81.08,144.47,91.7,164.49,87.79,144.47,118.54,160.32,117.42,144.75,144.53,160.32,144.53
noViolencia,NV_427.mp4,30,0,1.8459999561309814,91.45,105.3,98.16,93.56,85.02,92.16,108.79,82.65,79.43,84.05,123.88,130.19,66.29,133.55,132.83,201.23,59.58,210.46,134.51,220.81,73.28,178.3,115.5,220.81,79.99,220.81,142.05,220.81,55.95,220.81,134.51,220.81,57.35,220.81
noViolencia,NV_427.mp4,40,0,2.703700065612793,88.23,105.78,93.26,92.64,81.8,93.48,105.28,78.37,74.25,82.29,123.45,129.0,66.42,135.15,133.79,203.41,58.87,211.8,134.91,220.75,73.97,181.03,115.34,220.75,78.44,220.75,140.22,220.75,47.13,220.75,135.19,220.75,57.2,220.75
noViolencia,NV_427.mp4,50,0,2.2483999729156494,89.91,103.98,95.77,92.23,83.2,93.35,106.95,79.08,76.77,84.95,124.84,131.68,66.71,136.99,134.34,203.86,60.56,207.78,136.02,220.37,70.06,175.32,116.45,220.37,76.77,220.37,141.05,220.37,49.1,220.37,137.13,220.37,57.49,220.37
