categoria,video,frame,persona_id,velocidad_media,x_0,x_1,x_2,x_3,x_4,x_5,x_6,x_7,x_8,x_9,x_10,x_11,x_12,x_13,x_14,x_15,x_16,y_0,y_1,y_2,y_3,y_4,y_5,y_6,y_7,y_8,y_9,y_10,y_11,y_12,y_13,y_14,y_15,y_16
noViolencia,NV_461.mp4,0,0,0.0,118.3,96.99,118.86,95.59,114.67,81.37,113.83,78.86,117.74,78.58,118.58,87.23,117.74,86.11,120.53,96.71,119.41,95.04,125.28,107.59,125.28,107.03,122.21,104.24,119.69,105.08,119.41,119.58,118.58,119.3,121.37,133.8,121.37,133.8
noViolencia,NV_461.mp4,20,0,0.0,128.93,94.31,129.21,92.63,128.39,93.19,129.75,92.07,130.84,91.51,132.48,95.15,130.3,97.39,131.94,106.34,130.84,104.38,129.75,112.22,129.21,111.1,132.48,109.14,130.57,108.86,128.93,120.05,128.93,120.05,130.3,131.52,133.03,132.08
noViolencia,NV_461.mp4,60,0,0.0,130.79,88.17,131.62,86.21,129.41,86.21,133.56,88.17,128.03,89.29,132.18,103.56,127.2,104.96,134.39,102.17,126.92,118.12,133.28,97.97,131.9,100.77,134.94,118.12,133.01,100.21,131.07,112.24,131.35,110.84,130.79,118.12,130.79,118.12
noViolencia,NV_461.mp4,60,1,0.0,130.59,88.04,131.42,86.08,128.93,86.36,134.75,87.76,127.26,88.6,140.02,106.23,127.54,105.39,143.34,117.98,143.34,117.98,132.81,97.55,132.81,97.83,131.98,121.62,126.43,121.62,140.57,119.38,126.43,121.62,136.69,117.42,135.86,117.98
noViolencia,NV_461.mp4,70,0,11.848699569702148,133.44,105.89,133.44,105.34,132.6,105.06,132.88,105.06,131.21,105.06,134.0,107.56,130.1,107.28,134.83,111.17,130.65,111.17,134.55,115.34,134.0,110.61,133.16,115.61,131.21,115.61,133.44,121.44,130.37,122.0,134.55,127.83,130.37,128.11
noViolencia,NV_461.mp4,80,0,17.507999420166016,133.06,84.55,133.06,83.71,131.96,83.71,133.61,83.99,130.86,83.71,132.78,89.28,131.96,89.01,131.69,92.91,131.14,92.35,134.98,91.24,134.7,90.68,133.06,101.27,132.51,100.99,130.04,112.42,132.78,110.74,135.52,117.15,135.52,117.43
noViolencia,NV_461.mp4,100,0,0.0,133.72,89.29,133.99,87.61,133.16,87.89,129.54,90.13,133.44,90.69,130.65,95.99,131.77,95.72,131.49,101.86,129.82,101.58,126.47,104.93,127.59,84.26,131.21,104.93,129.54,103.26,131.21,116.67,132.04,115.83,131.21,125.89,129.54,125.61
noViolencia,NV_461.mp4,110,0,4.681399822235107,132.84,85.27,133.11,84.43,132.29,84.43,133.94,84.99,131.46,84.99,134.5,89.45,130.07,89.45,135.05,95.31,131.46,94.48,126.48,104.8,126.48,104.52,133.39,102.57,129.52,102.01,131.18,115.97,132.29,115.13,130.9,126.01,129.25,125.73
