categoria,video,frame,persona_id,velocidad_media,x_0,x_1,x_2,x_3,x_4,x_5,x_6,x_7,x_8,x_9,x_10,x_11,x_12,x_13,x_14,x_15,x_16,y_0,y_1,y_2,y_3,y_4,y_5,y_6,y_7,y_8,y_9,y_10,y_11,y_12,y_13,y_14,y_15,y_16
noViolencia,NV_445.mp4,10,0,0.0,92.4,106.0,93.51,103.48,90.45,103.48,94.63,103.76,86.83,104.88,95.74,120.82,84.04,119.42,97.41,140.39,84.04,162.76,97.69,155.49,84.04,159.41,95.74,159.13,87.11,158.57,95.74,162.76,84.04,162.76,94.35,156.33,87.94,159.41
noViolencia,NV_445.mp4,20,0,11.789600372314453,100.18,102.34,101.83,99.82,98.53,100.38,103.49,100.94,96.05,102.34,103.49,117.41,91.36,118.25,103.49,157.9,87.78,140.31,103.49,158.18,97.43,112.67,102.11,160.69,93.29,157.34,103.49,163.49,86.68,163.49,103.49,157.9,97.98,156.78
noViolencia,NV_445.mp4,30,0,7.845099925994873,97.69,104.16,99.35,100.8,95.75,101.92,103.49,101.92,94.1,104.44,104.04,119.54,91.89,120.94,104.04,162.91,88.57,140.25,102.66,114.51,88.57,155.64,103.49,162.91,94.65,159.28,104.04,162.91,87.74,162.91,104.04,162.91,87.74,156.76
noViolencia,NV_445.mp4,40,0,8.224900245666504,92.98,102.79,94.91,99.99,91.05,100.83,98.5,100.27,89.4,102.79,102.64,116.79,86.36,117.63,103.19,140.58,85.26,138.9,103.19,161.29,85.81,160.17,99.6,160.73,88.84,161.01,103.19,165.21,88.57,165.21,96.84,160.17,89.67,161.01
noViolencia,NV_445.mp4,50,0,13.646300315856934,93.48,102.4,95.99,100.16,91.81,100.16,101.55,104.64,89.86,102.4,104.06,120.59,86.24,118.91,104.06,144.09,84.85,139.9,94.6,158.09,84.85,156.13,99.05,165.08,86.52,163.4,98.77,198.38,90.42,201.18,100.16,221.88,92.93,221.88
