categoria,video,frame,persona_id,velocidad_media,x_0,x_1,x_2,x_3,x_4,x_5,x_6,x_7,x_8,x_9,x_10,x_11,x_12,x_13,x_14,x_15,x_16,y_0,y_1,y_2,y_3,y_4,y_5,y_6,y_7,y_8,y_9,y_10,y_11,y_12,y_13,y_14,y_15,y_16
noViolencia,NV_400.mp4,0,0,0.0,131.89,93.5,131.06,88.18,131.34,88.46,114.87,88.18,127.71,96.86,100.35,113.93,118.77,120.09,86.67,160.1,126.03,170.46,127.99,144.99,135.52,202.08,96.16,209.91,109.0,212.71,95.04,221.38,146.69,221.38,87.51,215.79,141.39,221.38
noViolencia,NV_400.mp4,10,0,16.417999267578125,121.51,107.24,121.23,103.33,121.79,103.05,104.2,103.33,119.83,105.29,92.76,129.61,121.23,127.93,82.16,172.66,129.6,169.86,82.16,209.84,134.34,203.13,96.11,207.32,115.37,205.09,98.9,221.86,120.95,221.86,98.62,221.86,123.46,221.86
noViolencia,NV_400.mp4,20,0,11.807299613952637,117.8,104.13,116.4,101.05,116.4,100.77,101.62,103.85,115.57,103.57,96.32,122.3,122.82,119.5,87.39,155.57,132.86,151.09,82.37,185.48,141.23,192.47,96.6,181.56,117.8,183.52,98.55,217.07,122.82,217.07,87.39,206.44,126.45,212.04
noViolencia,NV_400.mp4,20,1,0.0,83.58,204.75,85.26,207.26,86.65,201.13,94.19,220.9,126.3,220.34,81.07,222.85,119.88,201.13,85.54,218.95,126.3,214.78,85.26,220.34,85.26,219.79,81.07,222.85,124.07,203.92,86.1,205.86,103.13,203.92,85.54,220.07,126.3,222.85
noViolencia,NV_400.mp4,30,0,12.420700073242188,95.08,116.05,93.68,114.09,107.11,100.38,93.4,107.37,105.71,100.1,94.52,121.64,119.14,111.29,88.36,156.33,131.17,140.38,77.73,200.8,139.28,166.96,106.27,174.23,126.13,167.24,105.99,215.35,127.25,222.06,76.61,208.92,128.37,222.06
noViolencia,NV_400.mp4,40,0,14.434000015258789,92.65,104.14,93.2,101.9,94.04,101.9,93.76,101.06,104.65,98.82,96.28,111.41,116.38,105.53,89.57,141.9,127.27,129.31,77.29,171.26,133.98,172.1,104.37,155.6,121.13,155.6,101.02,191.68,119.46,191.68,99.07,219.37,120.57,219.37
noViolencia,NV_400.mp4,50,0,8.973400115966797,89.64,111.48,89.64,108.41,97.47,102.25,90.2,107.01,96.63,102.53,93.55,108.13,108.93,103.37,83.77,136.66,122.63,126.31,79.85,165.2,125.71,158.48,95.79,147.01,109.21,147.57,97.19,180.3,107.25,180.58,99.42,220.59,107.81,214.15
