categoria,video,frame,persona_id,velocidad_media,x_0,x_1,x_2,x_3,x_4,x_5,x_6,x_7,x_8,x_9,x_10,x_11,x_12,x_13,x_14,x_15,x_16,y_0,y_1,y_2,y_3,y_4,y_5,y_6,y_7,y_8,y_9,y_10,y_11,y_12,y_13,y_14,y_15,y_16
noViolencia,NV_403.mp4,20,0,0.0,94.62,139.39,94.9,138.55,94.62,138.55,94.9,144.14,97.4,144.98,97.95,142.75,98.23,139.39,92.13,146.66,91.02,146.66,92.41,144.42,91.85,144.42,97.12,150.3,97.4,150.3,94.9,156.73,96.84,156.17,95.18,162.32,96.84,160.36
noViolencia,NV_403.mp4,30,0,54.20320129394531,104.1,61.28,104.1,61.28,104.1,61.28,111.05,61.28,118.57,61.28,121.63,78.36,122.19,77.8,126.92,113.36,123.3,103.84,121.91,108.04,125.53,114.2,114.12,124.0,121.07,125.68,115.23,161.52,121.63,159.28,117.46,192.88,122.47,189.24
noViolencia,NV_403.mp4,40,0,5.990900039672852,102.81,58.63,106.44,58.63,104.76,58.63,109.78,64.51,114.53,64.51,110.62,79.33,118.99,77.1,103.37,97.8,124.85,93.6,122.06,116.26,122.34,115.98,111.74,124.94,120.38,122.14,113.13,161.86,120.38,159.91,116.48,197.68,121.5,193.76
noViolencia,NV_403.mp4,50,0,6.720200061798096,103.74,58.48,104.58,55.12,104.86,55.4,106.25,57.92,113.51,57.08,109.88,77.52,116.86,72.76,97.88,101.04,123.28,94.88,97.05,85.92,106.25,103.84,109.88,125.12,117.14,123.44,110.44,162.92,118.25,159.84,114.63,201.0,119.93,195.4
