categoria,video,frame,persona_id,velocidad_media,x_0,x_1,x_2,x_3,x_4,x_5,x_6,x_7,x_8,x_9,x_10,x_11,x_12,x_13,x_14,x_15,x_16,y_0,y_1,y_2,y_3,y_4,y_5,y_6,y_7,y_8,y_9,y_10,y_11,y_12,y_13,y_14,y_15,y_16
noViolencia,NV_424.mp4,0,0,0.0,71.46,131.29,74.26,127.09,68.95,128.77,79.85,127.37,66.15,130.45,84.6,148.64,64.76,149.76,85.72,186.43,63.36,178.31,74.82,201.27,64.76,197.35,82.09,202.39,67.27,203.51,83.76,217.5,70.35,223.38,78.45,198.75,70.63,223.38
noViolencia,NV_424.mp4,10,0,9.365300178527832,72.56,122.6,75.35,119.53,69.49,118.97,78.98,122.04,66.14,122.32,85.96,146.35,62.51,144.96,80.66,177.93,60.28,171.22,60.28,202.24,55.81,200.84,79.82,204.76,62.51,202.8,80.66,220.68,63.91,220.68,91.26,220.68,70.61,198.61
noViolencia,NV_424.mp4,10,1,0.0,81.51,129.02,83.99,124.55,79.58,124.83,88.13,126.23,77.37,125.11,89.5,142.12,77.37,139.06,89.5,146.59,77.37,146.59,85.92,146.59,85.64,146.59,83.71,134.59,80.13,133.48,85.37,132.08,77.37,146.59,85.92,146.59,82.61,141.01
noViolencia,NV_424.mp4,20,0,9.83530044555664,68.38,120.07,71.17,116.72,64.2,117.0,75.36,118.95,60.01,123.15,82.62,148.33,54.43,146.38,80.94,177.99,52.19,171.56,70.62,212.97,50.8,188.07,77.59,194.5,59.73,190.87,66.71,221.65,58.06,221.65,65.87,221.65,75.36,221.65
noViolencia,NV_424.mp4,30,0,16.274200439453125,78.18,120.43,78.18,115.12,75.1,116.51,66.15,120.71,66.15,120.99,81.25,143.64,51.33,143.64,87.68,179.72,42.39,177.2,102.22,215.79,50.49,190.62,78.46,209.08,57.2,208.8,104.18,221.67,35.67,217.19,104.46,221.67,35.67,221.67
noViolencia,NV_424.mp4,40,0,15.965999603271484,82.29,107.54,84.24,103.35,78.65,103.62,86.76,106.42,71.39,109.22,91.51,134.94,60.49,132.7,96.82,164.29,49.03,168.21,97.94,205.67,57.69,182.19,87.88,203.72,66.36,203.16,86.76,222.45,67.75,222.45,97.66,211.54,66.36,222.45
noViolencia,NV_424.mp4,50,0,12.26990032196045,84.9,97.02,87.41,92.55,81.0,92.55,90.48,94.79,74.03,98.14,109.72,128.93,64.54,126.13,114.46,163.9,51.99,166.7,114.46,196.65,65.66,177.34,105.26,197.21,72.63,201.68,106.09,222.11,73.75,222.11,114.46,199.16,70.68,222.11
noViolencia,NV_424.mp4,50,1,0.0,100.7,104.4,102.09,100.2,96.8,101.6,104.04,101.6,89.56,104.4,109.61,129.04,87.33,128.2,117.41,165.71,87.33,157.87,115.18,194.55,96.52,119.24,104.32,193.43,89.84,191.47,109.05,206.03,89.28,220.58,109.05,220.58,99.03,198.75
