categoria,video,frame,persona_id,velocidad_media,x_0,x_1,x_2,x_3,x_4,x_5,x_6,x_7,x_8,x_9,x_10,x_11,x_12,x_13,x_14,x_15,x_16,y_0,y_1,y_2,y_3,y_4,y_5,y_6,y_7,y_8,y_9,y_10,y_11,y_12,y_13,y_14,y_15,y_16
noViolencia,NV_448.mp4,0,0,0.0,93.39,101.47,97.31,87.76,86.96,90.84,110.18,77.12,80.53,81.04,130.31,137.02,68.22,132.83,138.71,211.2,42.21,166.42,139.27,221.84,57.87,111.83,117.73,221.84,70.18,221.84,139.55,221.84,69.9,221.84,138.99,221.84,43.88,221.84
noViolencia,NV_448.mp4,0,1,0.0,139.54,46.77,140.65,44.53,148.47,42.57,142.61,44.53,154.61,42.29,140.93,56.55,165.49,51.8,135.35,76.96,135.07,78.07,134.24,80.31,143.44,69.69,144.28,90.37,162.7,90.37,144.0,122.52,159.63,121.4,145.12,149.08,159.63,147.12
noViolencia,NV_448.mp4,10,0,11.578499794006348,96.53,99.8,104.09,90.0,92.33,87.48,115.56,87.2,87.29,72.09,129.55,138.72,69.1,133.68,135.71,209.55,36.08,199.75,137.11,222.43,51.75,158.04,117.24,222.43,78.62,222.43,144.66,222.43,36.08,222.43,137.11,222.43,36.08,205.91
noViolencia,NV_448.mp4,10,1,11.933300018310547,157.72,40.8,159.96,38.85,156.32,38.29,162.75,41.36,153.25,40.25,164.43,51.99,165.83,51.71,135.08,77.16,135.08,77.16,158.56,44.16,144.58,50.59,161.36,89.46,143.74,91.42,143.74,120.22,159.96,120.78,144.02,145.11,159.68,146.78
noViolencia,NV_448.mp4,20,0,9.668999671936035,103.41,101.22,112.37,97.58,101.17,87.51,121.05,101.5,93.61,79.11,125.81,143.48,69.53,125.29,129.73,206.18,46.01,206.46,131.13,212.9,61.13,187.99,115.45,222.13,78.49,222.13,139.53,222.13,42.09,222.13,131.13,222.13,42.09,222.13
noViolencia,NV_448.mp4,40,0,0.0,171.32,147.08,184.46,159.65,171.32,156.86,169.65,175.86,169.65,173.9,102.0,219.45,104.8,219.45,81.04,138.97,175.52,146.8,169.93,201.0,171.05,201.0,152.32,192.06,81.04,219.45,98.65,219.45,156.79,205.48,112.62,126.4,143.37,213.58
noViolencia,NV_448.mp4,50,0,22.35770034790039,172.16,145.05,186.97,158.18,186.97,158.46,169.09,168.52,171.04,169.36,106.77,221.33,107.05,216.02,81.35,136.95,176.91,145.05,170.48,201.21,142.54,212.11,107.33,221.33,154.28,204.57,97.55,216.02,81.35,221.33,141.98,212.67,141.7,212.11
