categoria,video,frame,persona_id,velocidad_media,x_0,x_1,x_2,x_3,x_4,x_5,x_6,x_7,x_8,x_9,x_10,x_11,x_12,x_13,x_14,x_15,x_16,y_0,y_1,y_2,y_3,y_4,y_5,y_6,y_7,y_8,y_9,y_10,y_11,y_12,y_13,y_14,y_15,y_16
noViolencia,NV_404.mp4,0,0,0.0,110.11,57.75,102.6,56.63,107.88,55.79,104.27,59.15,114.57,57.47,102.04,78.45,119.3,75.65,94.52,99.99,119.3,97.19,97.31,78.73,121.25,116.5,105.94,122.09,117.07,118.45,108.44,165.45,117.07,162.66,113.73,206.86,118.46,203.22
noViolencia,NV_404.mp4,0,1,0.0,121.6,97.65,117.4,92.33,117.12,92.61,93.06,92.61,121.88,95.41,100.61,78.64,119.92,78.64,94.18,98.76,121.88,95.41,101.45,103.79,119.92,116.37,103.13,114.7,118.24,112.74,106.77,145.16,117.12,141.25,107.89,161.37,116.0,159.98
noViolencia,NV_404.mp4,10,0,7.232399940490723,102.07,58.95,103.19,57.27,103.47,57.27,104.59,58.11,115.76,57.27,99.28,77.15,125.82,74.63,95.65,94.22,123.31,96.18,100.12,71.27,114.93,70.71,107.66,125.86,120.23,124.46,110.74,170.37,119.4,170.09,114.09,212.36,120.23,206.2
noViolencia,NV_404.mp4,20,0,6.046299934387207,104.43,57.66,105.26,54.59,105.26,54.31,107.21,55.71,117.79,54.59,101.64,76.95,123.07,74.16,97.75,94.57,134.76,90.09,101.09,70.52,122.52,94.29,111.94,123.92,124.74,123.09,113.89,173.97,123.63,172.01,116.4,219.54,123.35,219.54
noViolencia,NV_404.mp4,30,0,13.233799934387207,112.34,63.83,104.78,63.27,119.61,56.83,105.62,63.27,118.49,62.43,99.47,87.62,126.88,85.94,97.79,108.89,128.28,107.77,112.34,116.17,124.36,78.94,110.94,137.16,126.32,134.64,113.73,187.26,124.64,185.58,115.41,221.97,124.64,221.97
noViolencia,NV_404.mp4,40,0,11.354000091552734,107.4,74.74,108.51,71.38,108.51,70.82,111.3,70.54,124.95,67.75,104.89,92.64,135.54,89.28,99.32,116.4,139.16,109.13,107.4,86.2,112.41,85.92,115.76,146.33,134.14,145.49,117.43,199.18,130.24,194.14,119.66,219.87,130.24,219.87
noViolencia,NV_404.mp4,50,0,26.914199829101562,114.97,82.93,115.81,79.02,116.93,78.18,117.49,77.62,133.43,77.06,110.5,106.98,140.98,107.82,100.15,146.69,145.18,148.36,114.69,148.92,142.94,176.05,117.21,182.76,134.83,182.48,115.53,223.58,131.75,223.58,112.74,223.58,132.59,223.58
