categoria,video,frame,persona_id,velocidad_media,x_0,x_1,x_2,x_3,x_4,x_5,x_6,x_7,x_8,x_9,x_10,x_11,x_12,x_13,x_14,x_15,x_16,y_0,y_1,y_2,y_3,y_4,y_5,y_6,y_7,y_8,y_9,y_10,y_11,y_12,y_13,y_14,y_15,y_16
noViolencia,NV_401.mp4,0,0,0.0,87.79,96.52,87.79,94.0,87.79,93.44,88.63,93.44,97.27,89.8,90.58,100.16,108.15,96.24,86.67,123.95,121.54,125.07,80.82,147.74,122.93,149.98,97.27,139.06,110.94,140.18,92.53,171.25,108.71,174.05,92.25,204.28,107.31,207.36
noViolencia,NV_401.mp4,10,0,19.515399932861328,104.22,75.09,93.9,72.29,106.45,72.01,95.85,73.13,105.61,72.57,91.11,84.6,109.24,82.36,84.14,102.78,116.21,100.83,79.12,119.29,118.72,122.09,94.46,123.49,107.29,123.49,94.18,161.81,107.29,161.25,91.39,193.15,108.12,193.15
noViolencia,NV_401.mp4,20,0,10.486700057983398,89.83,64.16,90.66,63.32,98.49,57.72,92.34,63.6,100.17,57.72,89.55,74.22,106.04,73.1,83.4,97.71,112.75,93.24,78.37,123.44,114.42,114.49,93.46,118.68,105.48,117.28,94.86,152.24,106.6,147.2,96.53,189.43,107.16,172.93
noViolencia,NV_401.mp4,30,0,10.780900001525879,106.62,62.44,107.18,61.33,108.3,61.61,96.28,59.93,105.5,55.73,90.41,70.27,107.46,70.55,83.98,88.45,114.45,83.97,83.42,109.14,114.73,95.99,91.25,109.41,102.71,109.69,91.25,140.17,101.87,139.33,89.29,168.69,99.91,171.2
noViolencia,NV_401.mp4,40,0,7.392000198364258,108.02,54.9,100.76,54.9,113.05,72.5,101.04,54.9,108.58,54.9,96.29,68.59,110.26,69.15,89.59,87.31,116.12,88.99,95.46,95.13,117.52,104.91,95.46,101.56,105.79,102.96,94.06,136.49,103.83,136.49,88.75,161.35,99.37,164.15
noViolencia,NV_401.mp4,50,0,11.87969970703125,125.74,56.7,105.2,62.57,125.74,56.7,108.81,64.52,116.03,64.24,105.48,74.3,118.8,76.54,100.49,87.15,122.68,91.06,103.26,93.58,121.57,104.75,107.15,104.75,116.86,105.31,104.93,132.13,116.3,131.01,102.15,160.06,115.19,159.22
