categoria,video,frame,persona_id,velocidad_media,x_0,x_1,x_2,x_3,x_4,x_5,x_6,x_7,x_8,x_9,x_10,x_11,x_12,x_13,x_14,x_15,x_16,y_0,y_1,y_2,y_3,y_4,y_5,y_6,y_7,y_8,y_9,y_10,y_11,y_12,y_13,y_14,y_15,y_16
noViolencia,NV_420.mp4,0,0,0.0,126.64,48.74,128.88,46.22,124.12,46.22,132.51,48.18,120.76,48.74,137.83,64.13,118.81,65.25,144.54,80.36,116.85,90.15,134.75,74.76,114.61,111.42,132.79,113.1,120.48,113.37,132.23,144.71,120.2,157.87,131.67,165.42,118.81,168.78
noViolencia,NV_420.mp4,0,1,0.0,101.11,63.48,103.06,62.08,99.17,61.8,105.56,65.15,95.83,62.92,107.51,79.7,91.1,76.9,112.24,97.03,87.48,93.4,106.67,85.29,100.0,88.08,105.28,120.24,92.77,120.52,98.61,166.1,91.93,168.34,96.38,206.65,91.1,208.05
noViolencia,NV_420.mp4,10,0,8.131799697875977,128.94,45.11,131.74,42.31,126.99,42.31,135.09,44.55,123.92,44.55,140.12,60.79,120.57,61.07,147.66,78.99,119.17,83.74,137.32,74.79,115.54,103.62,135.93,109.5,121.96,109.22,134.25,153.74,123.08,153.46,132.58,197.97,123.92,197.41
noViolencia,NV_420.mp4,10,1,7.617700099945068,103.3,61.03,104.7,58.23,101.63,57.95,106.37,60.19,96.89,58.23,103.58,72.22,94.66,72.5,107.21,102.71,104.7,87.33,105.25,84.25,102.19,69.42,91.31,116.42,95.77,116.98,93.54,163.13,96.89,162.85,106.65,203.97,91.87,203.97
noViolencia,NV_420.mp4,20,0,30.980300903320312,91.26,52.81,93.21,49.45,101.29,49.73,98.78,50.29,97.67,50.01,99.34,70.73,112.15,70.45,115.5,101.79,116.05,102.07,96.83,117.19,104.63,113.83,96.0,131.18,107.7,131.46,96.55,168.97,116.61,161.97,93.49,204.51,114.38,199.2
noViolencia,NV_420.mp4,30,0,27.344499588012695,103.34,61.06,86.0,55.19,101.1,59.67,87.96,55.19,97.18,59.67,92.15,69.73,87.96,70.01,91.87,87.9,86.84,86.5,89.63,103.83,102.22,95.17,93.55,100.48,91.59,101.32,92.71,120.05,91.87,122.56,96.07,139.33,98.02,143.81
