categoria,video,frame,persona_id,velocidad_media,x_0,x_1,x_2,x_3,x_4,x_5,x_6,x_7,x_8,x_9,x_10,x_11,x_12,x_13,x_14,x_15,x_16,y_0,y_1,y_2,y_3,y_4,y_5,y_6,y_7,y_8,y_9,y_10,y_11,y_12,y_13,y_14,y_15,y_16
noViolencia,NV_915.mp4,0,0,0.0,79.56,107.26,80.4,117.59,77.61,115.08,79.84,112.0,111.14,88.54,91.02,107.54,96.05,84.08,92.7,113.12,91.3,111.72,90.74,130.71,90.74,130.99,77.33,86.87,87.39,81.28,91.86,111.72,92.14,112.0,79.0,136.58,79.28,134.9
noViolencia,NV_915.mp4,20,0,0.0,84.94,117.48,83.55,117.76,84.66,117.21,84.66,113.85,84.66,114.97,92.73,107.71,71.58,105.19,95.24,124.75,73.25,119.72,93.57,132.01,76.03,138.16,103.87,82.29,100.53,85.36,106.66,129.22,95.52,127.82,94.41,130.61,76.03,137.04
noViolencia,NV_915.mp4,30,0,23.52359962463379,76.73,112.07,83.44,121.58,90.71,76.81,73.37,76.25,89.03,76.53,90.15,112.63,84.56,87.72,62.74,128.3,63.02,127.74,81.2,139.49,64.98,139.77,68.06,119.06,82.32,110.67,62.19,115.15,94.9,116.55,81.2,141.17,64.98,140.05
noViolencia,NV_915.mp4,40,0,26.79400062561035,110.6,76.66,110.32,74.43,108.92,74.15,96.08,75.82,106.41,74.98,90.5,88.13,108.09,90.08,75.99,123.91,110.88,112.17,70.69,140.13,111.71,129.23,85.2,129.79,97.2,130.07,76.55,123.63,105.29,126.99,70.69,141.53,101.11,138.17
noViolencia,NV_915.mp4,50,0,20.459800720214844,117.97,89.49,110.44,128.29,118.8,86.14,97.34,74.7,116.57,82.52,89.81,94.24,109.05,87.82,91.76,125.77,91.48,125.22,95.11,134.15,95.11,134.42,93.44,86.42,93.99,85.87,100.13,128.84,100.4,127.17,95.67,135.82,112.11,126.89
noViolencia,NV_915.mp4,60,0,14.703800201416016,93.94,102.52,102.89,108.1,90.58,102.8,93.38,68.16,105.97,68.44,107.93,98.05,88.07,83.24,87.51,123.19,87.51,122.91,99.54,124.58,90.86,131.29,104.01,78.5,90.86,80.17,88.07,121.79,110.17,108.94,99.26,124.58,101.21,123.19
noViolencia,NV_915.mp4,120,0,0.0,110.31,117.8,129.63,108.03,119.83,108.31,133.83,99.37,121.51,106.63,131.59,89.05,111.71,102.72,129.91,108.03,110.59,119.47,129.91,118.36,120.11,126.73,112.55,73.97,105.55,79.28,138.87,117.24,102.19,120.59,87.63,90.44,119.83,127.01
