categoria,video,frame,persona_id,velocidad_media,x_0,x_1,x_2,x_3,x_4,x_5,x_6,x_7,x_8,x_9,x_10,x_11,x_12,x_13,x_14,x_15,x_16,y_0,y_1,y_2,y_3,y_4,y_5,y_6,y_7,y_8,y_9,y_10,y_11,y_12,y_13,y_14,y_15,y_16
noViolencia,NV_986.mp4,0,0,0.0,110.65,70.19,111.49,69.35,109.81,69.07,112.6,69.63,108.7,69.35,114.0,76.04,105.91,75.76,119.02,79.66,102.56,79.1,116.51,84.95,102.01,79.1,110.65,90.8,106.19,90.8,112.32,102.23,112.32,102.51,104.24,113.93,112.88,113.65
noViolencia,NV_986.mp4,20,0,0.0,110.79,108.87,111.9,107.75,111.07,107.47,110.23,105.52,110.51,105.8,112.74,108.03,108.01,107.47,112.46,114.73,106.34,113.06,111.62,112.5,106.06,116.69,108.56,110.82,105.78,108.03,111.35,112.5,105.5,116.13,105.78,118.09,105.78,117.25
noViolencia,NV_986.mp4,60,0,0.0,109.9,101.31,110.17,100.47,109.62,100.75,111.0,101.87,111.0,101.31,112.11,104.67,112.11,104.39,116.26,107.47,116.26,106.91,116.26,115.59,111.28,94.59,110.17,111.11,110.73,111.11,105.75,118.95,110.73,118.67,105.47,127.35,111.28,126.23
noViolencia,NV_986.mp4,70,0,22.879499435424805,115.86,71.62,116.69,70.5,114.75,70.5,117.8,71.06,113.37,70.5,118.63,77.76,110.88,76.36,118.9,86.69,104.79,79.99,118.63,93.39,102.02,87.81,115.03,92.83,109.49,92.0,117.52,105.4,108.39,105.4,116.97,116.01,107.83,117.4
noViolencia,NV_986.mp4,80,0,3.766900062561035,113.28,72.45,114.11,71.34,112.16,71.34,114.67,72.17,110.21,71.61,116.9,78.59,107.15,77.75,122.75,85.0,102.14,80.82,119.96,87.23,100.46,93.09,113.0,95.04,106.87,95.32,113.28,109.54,106.59,109.54,113.83,118.75,105.48,118.75
noViolencia,NV_986.mp4,130,0,0.0,118.02,108.59,118.85,107.2,118.3,106.92,122.48,106.36,119.97,104.69,121.65,111.38,111.6,110.54,122.76,118.06,110.48,121.96,123.88,125.03,123.88,125.03,114.39,118.06,109.36,117.51,116.9,130.88,109.08,132.27,117.18,137.29,107.69,140.07
noViolencia,NV_986.mp4,140,0,6.997099876403809,120.09,110.91,119.81,110.36,119.54,109.8,117.6,109.8,117.88,109.8,118.43,116.22,111.53,114.82,120.92,125.71,109.04,130.18,123.13,136.04,110.15,143.86,112.08,126.27,107.11,125.43,115.67,136.32,107.94,136.32,115.39,143.02,109.59,144.42
