categoria,video,frame,persona_id,velocidad_media,x_0,x_1,x_2,x_3,x_4,x_5,x_6,x_7,x_8,x_9,x_10,x_11,x_12,x_13,x_14,x_15,x_16,y_0,y_1,y_2,y_3,y_4,y_5,y_6,y_7,y_8,y_9,y_10,y_11,y_12,y_13,y_14,y_15,y_16
noViolencia,NV_983.mp4,0,0,0.0,89.5,43.33,89.77,43.05,89.22,43.05,90.05,42.5,88.4,42.77,90.88,43.33,88.12,43.33,91.43,45.82,91.43,46.1,91.43,49.15,91.43,49.15,89.22,49.15,88.12,49.15,90.05,54.14,90.05,54.97,89.22,58.02,87.85,59.13
noViolencia,NV_983.mp4,0,1,0.0,124.5,42.69,124.78,41.85,123.67,41.85,122.29,42.69,122.02,42.41,120.63,46.32,127.27,48.0,117.04,49.12,126.99,56.38,115.38,53.87,115.66,54.14,118.42,54.7,127.82,48.0,118.15,59.45,118.15,60.01,117.32,66.44,117.59,65.88
noViolencia,NV_983.mp4,30,0,0.0,109.95,76.9,112.18,74.39,109.11,74.11,117.21,75.5,107.72,74.67,120.56,84.42,107.72,83.86,122.79,95.01,108.27,95.01,118.88,86.37,109.67,86.09,116.37,106.43,109.39,106.71,122.23,70.49,107.72,108.94,116.37,108.94,107.72,108.94
noViolencia,NV_983.mp4,40,0,20.736900329589844,108.92,80.31,111.15,78.07,107.25,77.79,115.33,79.47,105.02,78.35,118.39,90.38,102.51,88.99,121.73,84.79,92.2,85.07,121.46,63.24,91.65,64.92,111.98,121.72,102.51,120.04,107.53,145.79,93.04,130.68,122.85,58.21,92.2,159.78
noViolencia,NV_983.mp4,50,0,11.527099609375,108.27,83.73,110.51,81.77,106.87,81.49,114.7,82.33,104.91,82.33,118.34,93.78,102.11,93.78,120.86,100.77,92.32,86.52,120.58,65.85,90.64,68.08,114.98,127.31,103.23,127.31,113.86,150.77,104.07,150.77,117.78,144.91,104.07,150.77
noViolencia,NV_983.mp4,60,0,10.395600318908691,109.01,80.4,111.52,78.44,107.9,78.44,115.98,80.68,105.95,80.12,117.93,93.82,102.61,92.42,120.99,75.93,92.02,87.67,121.27,55.8,89.79,64.19,112.08,124.28,102.61,124.28,110.4,145.81,104.56,145.81,113.19,134.07,89.24,61.95
noViolencia,NV_983.mp4,110,0,0.0,109.7,88.57,112.2,85.78,108.03,85.5,116.65,87.45,106.36,86.89,118.04,101.15,103.02,97.52,121.38,82.98,93.01,90.81,121.66,68.45,91.62,69.01,111.64,131.34,102.46,129.38,107.47,153.7,106.08,158.17,113.03,141.68,94.4,153.98
noViolencia,NV_983.mp4,120,0,11.368499755859375,110.27,89.06,112.78,86.55,109.16,86.27,117.51,89.06,107.77,86.55,121.12,100.23,104.15,99.67,121.96,104.98,94.41,91.85,119.18,94.09,92.19,65.88,115.28,137.94,104.43,136.82,113.33,156.65,105.26,156.65,120.85,150.23,91.63,60.57
