categoria,video,frame,persona_id,velocidad_media,x_0,x_1,x_2,x_3,x_4,x_5,x_6,x_7,x_8,x_9,x_10,x_11,x_12,x_13,x_14,x_15,x_16,y_0,y_1,y_2,y_3,y_4,y_5,y_6,y_7,y_8,y_9,y_10,y_11,y_12,y_13,y_14,y_15,y_16
noViolencia,NV_987.mp4,0,0,0.0,97.14,102.2,96.32,101.93,96.05,102.2,94.13,102.2,99.33,98.59,95.23,97.21,98.78,97.48,92.77,101.37,99.33,103.04,92.77,106.65,99.05,98.32,96.87,109.98,93.86,109.7,93.31,117.48,93.31,119.14,91.95,125.25,91.68,126.36
noViolencia,NV_987.mp4,10,0,12.413100242614746,105.49,106.59,105.49,105.47,104.67,105.75,105.49,106.03,103.84,106.03,105.49,110.21,101.92,109.93,104.39,114.95,100.82,114.39,104.12,117.74,101.92,118.3,102.75,118.86,100.55,117.74,103.57,126.67,100.0,126.67,102.2,132.8,98.35,132.8
noViolencia,NV_987.mp4,10,1,0.0,99.64,119.06,99.64,118.79,99.09,118.79,100.18,118.51,98.54,118.51,100.18,118.23,98.82,117.95,101.55,120.73,98.54,120.73,102.37,122.67,102.37,122.4,102.37,121.84,99.64,122.67,103.47,126.28,98.82,129.62,101.28,133.5,98.27,134.34
noViolencia,NV_987.mp4,20,0,10.213500022888184,110.24,99.03,110.51,98.19,109.68,98.19,103.88,95.7,108.3,98.75,103.05,99.03,109.96,103.19,100.84,102.64,110.24,108.19,99.45,103.75,108.58,109.03,103.6,110.14,107.75,110.97,102.22,118.74,106.92,119.58,100.01,125.41,106.92,125.41
noViolencia,NV_987.mp4,30,0,4.126200199127197,111.24,97.9,111.79,97.9,110.4,97.9,112.35,97.9,109.28,97.9,105.08,102.62,106.2,102.62,104.25,106.51,103.97,106.79,104.8,109.56,110.4,115.95,106.48,110.95,106.76,111.5,106.48,117.89,106.76,118.44,106.48,123.72,110.68,121.22
noViolencia,NV_987.mp4,50,0,0.0,109.95,101.32,110.79,100.76,109.67,100.48,112.46,99.93,108.56,99.93,111.62,104.39,106.05,104.39,112.18,105.79,103.81,113.89,106.6,118.92,106.88,118.64,107.16,114.73,103.81,114.73,103.54,125.35,103.54,124.79,101.3,132.61,101.03,133.17
noViolencia,NV_987.mp4,60,0,5.76170015335083,106.23,101.75,104.04,99.52,103.49,99.52,103.22,100.91,103.22,100.35,100.21,104.53,105.68,105.09,99.11,111.22,105.14,112.06,98.84,115.4,105.14,115.12,100.76,114.84,104.31,115.12,100.48,122.37,104.59,121.53,99.93,130.72,105.68,126.27
noViolencia,NV_987.mp4,80,0,0.0,108.99,132.99,106.2,131.59,105.92,132.15,117.92,113.69,133.27,113.69,116.25,112.01,133.27,115.37,115.97,138.59,127.97,135.79,106.2,135.51,111.78,134.67,126.02,166.56,136.07,164.61,115.41,126.0,138.86,133.55,112.9,136.91,136.07,166.28
