categoria,video,frame,persona_id,velocidad_media,x_0,x_1,x_2,x_3,x_4,x_5,x_6,x_7,x_8,x_9,x_10,x_11,x_12,x_13,x_14,x_15,x_16,y_0,y_1,y_2,y_3,y_4,y_5,y_6,y_7,y_8,y_9,y_10,y_11,y_12,y_13,y_14,y_15,y_16
noViolencia,NV_95.mp4,0,0,0.0,426.63,216.82,425.68,213.0,462.0,246.92,427.59,212.52,457.22,246.92,443.36,214.43,451.49,216.82,442.41,223.99,445.75,276.55,433.32,228.29,451.49,293.75,456.74,248.36,447.18,248.84,445.27,274.64,445.27,276.07,446.71,294.71,444.79,293.27
noViolencia,NV_95.mp4,10,0,42.25669860839844,452.33,197.36,454.72,193.53,450.41,194.01,461.44,189.23,449.93,194.01,473.43,199.75,455.2,197.36,468.15,229.9,436.98,197.84,440.33,256.69,418.27,202.62,481.59,226.07,468.63,225.11,456.64,240.9,448.97,231.33,439.37,258.6,444.65,258.6
noViolencia,NV_95.mp4,20,0,91.78679656982422,359.6,193.12,361.51,189.29,360.56,188.81,368.7,186.89,359.6,188.33,377.31,196.47,385.45,195.51,368.7,218.5,406.52,220.89,399.82,234.78,312.67,202.7,378.75,239.57,379.23,238.61,341.88,234.3,350.02,239.57,314.59,256.81,332.78,256.81
noViolencia,NV_95.mp4,70,0,0.0,233.14,172.42,234.58,171.95,232.18,169.59,238.89,166.3,233.14,166.77,239.37,171.48,231.7,169.12,233.14,176.19,231.7,171.48,233.14,176.66,228.34,174.3,240.81,162.53,240.81,162.53,230.26,178.55,230.26,173.83,228.34,177.6,225.46,176.19
noViolencia,NV_95.mp4,80,0,27.429899215698242,260.85,157.86,261.33,157.38,259.42,157.38,261.8,156.91,257.99,156.43,261.8,157.38,254.66,156.91,264.66,161.18,253.71,161.65,262.28,161.18,253.23,164.98,259.9,164.03,256.09,164.5,260.85,169.25,254.66,168.78,261.33,175.9,252.76,173.52
noViolencia,NV_95.mp4,100,0,0.0,329.79,189.19,330.75,187.76,328.83,187.76,334.58,185.84,331.23,183.93,348.47,196.37,325.48,189.19,353.26,203.54,330.75,199.24,353.26,213.11,342.25,215.02,349.91,210.24,329.31,196.37,347.04,201.63,332.18,201.15,353.74,221.72,348.95,220.28
noViolencia,NV_95.mp4,110,0,12.264599800109863,339.64,196.27,341.06,195.32,338.7,194.84,341.53,195.32,337.28,192.93,342.0,196.27,332.56,191.98,344.36,203.9,324.53,196.75,347.2,211.52,329.25,201.04,333.03,201.04,326.89,200.56,333.5,211.04,326.42,208.66,335.39,222.48,323.59,221.53
