categoria,video,frame,persona_id,velocidad_media,x_0,x_1,x_2,x_3,x_4,x_5,x_6,x_7,x_8,x_9,x_10,x_11,x_12,x_13,x_14,x_15,x_16,y_0,y_1,y_2,y_3,y_4,y_5,y_6,y_7,y_8,y_9,y_10,y_11,y_12,y_13,y_14,y_15,y_16
violencia_limpios,V_399.mp4,0,0,0.0,150.34,131.78,88.25,73.29,69.35,17.5,55.85,182.16,69.35,14.35,40.56,3.56,75.65,32.8,61.25,207.36,62.15,208.71,144.04,190.26,145.84,187.56,29.76,187.56,22.11,190.26,66.2,224.45,28.86,254.15,69.8,206.01,28.41,150.67
violencia_limpios,V_399.mp4,10,0,115.56990051269531,75.8,177.84,6.22,190.43,6.22,7.81,72.66,7.81,55.6,181.44,25.52,7.81,6.22,7.81,6.22,7.81,23.28,130.16,22.83,140.05,28.22,143.65,17.89,7.81,6.22,7.81,23.73,126.56,14.3,73.93,67.72,228.67,23.28,138.7
violencia_limpios,V_399.mp4,40,0,0.0,98.33,23.96,105.07,16.32,96.08,15.87,80.35,32.95,125.74,28.45,133.83,58.57,135.63,63.07,65.97,63.97,67.32,63.97,58.78,222.66,67.77,119.26,127.54,46.88,132.04,61.72,61.03,142.19,124.4,225.35,60.13,221.31,151.36,191.64
violencia_limpios,V_399.mp4,50,0,53.100399017333984,70.72,79.68,72.07,69.78,71.17,69.33,74.76,75.18,155.15,194.88,85.09,78.33,147.52,78.78,73.42,77.43,152.91,28.38,58.15,169.23,166.83,149.88,94.52,83.73,140.78,81.93,63.98,153.93,132.7,223.68,63.54,226.83,88.69,225.03
violencia_limpios,V_399.mp4,70,0,0.0,163.44,91.39,201.24,77.02,178.29,88.25,180.54,83.76,181.89,83.76,228.68,88.7,221.94,89.15,163.44,90.94,230.03,121.03,259.28,98.13,235.43,148.43,188.64,153.81,218.34,155.16,236.78,207.7,231.83,204.56,259.73,259.34,259.73,97.68
violencia_limpios,V_399.mp4,80,0,190.5637969970703,284.58,279.05,284.13,275.91,281.89,275.91,283.68,267.38,257.7,279.05,296.67,284.44,256.35,293.42,283.23,305.09,255.46,299.7,291.3,270.07,252.32,300.15,289.51,327.09,276.96,326.19,287.71,355.82,253.67,324.39,278.75,341.9,261.73,351.78
violencia_limpios,V_399.mp4,90,0,77.16000366210938,232.3,264.85,243.1,252.7,208.91,253.15,220.15,219.86,222.85,216.71,215.65,283.75,250.75,305.35,289.89,308.5,280.0,222.11,336.24,250.45,335.79,250.0,226.0,194.66,190.46,218.96,239.05,290.05,285.84,231.1,243.1,287.35,339.39,255.85
violencia_limpios,V_399.mp4,110,0,0.0,246.42,262.76,255.42,255.57,240.58,254.23,220.79,222.32,227.53,219.17,220.34,301.86,243.72,310.4,287.8,310.4,275.2,222.77,239.68,275.8,336.37,248.38,224.39,191.76,224.39,191.76,274.76,224.11,278.8,227.71,343.56,254.23,342.66,254.23
